keyword,category
"доставка для маркетплейсов сдэк",Логистика
"какой тариф сдэк выбрать для интернет магазина",Тарифы
"как отправить товар на вайлдберриз через сдэк",Wildberries
"доставка сдэк по системе fbs озон",Ozon
"как работает схема dbs на яндекс маркете",Яндекс Маркет
"объемный вес сдэк как считать формула",Инструкции
"договор со сдэк для ип и самозанятых",Документы
"магистральный экспресс сдэк условия и сроки",Тарифы
"что лучше fbo или fbs для новичка",Стратегия
"сборный груз сдэк тарифы для поставщиков",Логистика
"требования к упаковке товаров для маркетплейсов сдэк",Инструкции
"как уменьшить стоимость доставки товаров покупателю",Экономия
"доставка крупногабаритных товаров на маркетплейсы",Логистика
"интеграция сдэк с личным кабинетом селлера",Технологии
"возвраты товаров на маркетплейсах как минимизировать потери",Стратегия
